Format,Number,Typeless format,SRGB format,Linear format,Type,SRGB,Channel 0,Channel 1,Channel 2, Channel 3,Channel 0 bits,Channel 1 bits,Channel 2 bits,Channel 3 bits,Element type,DisplayType,Channel 0 type,Channel 1 type,Channel 2 type,Channel 3 type
DXGI_FORMAT_UNKNOWN,0,DXGI_FORMAT_UNKNOWN,DXGI_FORMAT_UNKNOWN,DXGI_FORMAT_UNKNOWN,Invalid,FALSE,N,N,N,N,0,0,0,0,Pixel,Hardware,Void,Void,Void,Void
DXGI_FORMAT_R32G32B32A32_TYPELESS,1,DXGI_FORMAT_R32G32B32A32_TYPELESS,DXGI_FORMAT_UNKNOWN,DXGI_FORMAT_UNKNOWN,Typeless,FALSE,R,G,B,A,32,32,32,32,Pixel,Hardware,Void,Void,Void,Void
DXGI_FORMAT_R32G32B32A32_FLOAT,2,DXGI_FORMAT_R32G32B32A32_TYPELESS,DXGI_FORMAT_UNKNOWN,DXGI_FORMAT_R32G32B32A32_FLOAT,Float,FALSE,R,G,B,A,32,32,32,32,Pixel,Hardware,Void,Void,Void,Void
DXGI_FORMAT_R32G32B32A32_UINT,3,DXGI_FORMAT_R32G32B32A32_TYPELESS,DXGI_FORMAT_UNKNOWN,DXGI_FORMAT_R32G32B32A32_UINT,UInt,FALSE,R,G,B,A,32,32,32,32,Pixel,Hardware,Void,Void,Void,Void
DXGI_FORMAT_R32G32B32A32_SINT,4,DXGI_FORMAT_R32G32B32A32_TYPELESS,DXGI_FORMAT_UNKNOWN,DXGI_FORMAT_R32G32B32A32_SINT,SInt,FALSE,R,G,B,A,32,32,32,32,Pixel,Hardware,Void,Void,Void,Void
DXGI_FORMAT_R32G32B32_TYPELESS,5,DXGI_FORMAT_R32G32B32_TYPELESS,DXGI_FORMAT_UNKNOWN,DXGI_FORMAT_UNKNOWN,Typeless,FALSE,R,G,B,N,32,32,32,0,Pixel,Hardware,Void,Void,Void,Void
DXGI_FORMAT_R32G32B32_FLOAT,6,DXGI_FORMAT_R32G32B32_TYPELESS,DXGI_FORMAT_UNKNOWN,DXGI_FORMAT_R32G32B32_FLOAT,Float,FALSE,R,G,B,N,32,32,32,0,Pixel,Hardware,Void,Void,Void,Void
DXGI_FORMAT_R32G32B32_UINT,7,DXGI_FORMAT_R32G32B32_TYPELESS,DXGI_FORMAT_UNKNOWN,DXGI_FORMAT_R32G32B32_UINT,UInt,FALSE,R,G,B,N,32,32,32,0,Pixel,Hardware,Void,Void,Void,Void
DXGI_FORMAT_R32G32B32_SINT,8,DXGI_FORMAT_R32G32B32_TYPELESS,DXGI_FORMAT_UNKNOWN,DXGI_FORMAT_R32G32B32_SINT,SInt,FALSE,R,G,B,N,32,32,32,0,Pixel,Hardware,Void,Void,Void,Void
DXGI_FORMAT_R16G16B16A16_TYPELESS,9,DXGI_FORMAT_R16G16B16A16_TYPELESS,DXGI_FORMAT_UNKNOWN,DXGI_FORMAT_UNKNOWN,Typeless,FALSE,R,G,B,A,16,16,16,16,Pixel,Hardware,Void,Void,Void,Void
DXGI_FORMAT_R16G16B16A16_FLOAT,10,DXGI_FORMAT_R16G16B16A16_TYPELESS,DXGI_FORMAT_UNKNOWN,DXGI_FORMAT_R16G16B16A16_FLOAT,Float,FALSE,R,G,B,A,16,16,16,16,Pixel,Hardware,Void,Void,Void,Void
DXGI_FORMAT_R16G16B16A16_UNORM,11,DXGI_FORMAT_R16G16B16A16_TYPELESS,DXGI_FORMAT_UNKNOWN,DXGI_FORMAT_R16G16B16A16_UNORM,UNorm,FALSE,R,G,B,A,16,16,16,16,Pixel,Hardware,Void,Void,Void,Void
DXGI_FORMAT_R16G16B16A16_UINT,12,DXGI_FORMAT_R16G16B16A16_TYPELESS,DXGI_FORMAT_UNKNOWN,DXGI_FORMAT_R16G16B16A16_UINT,UInt,FALSE,R,G,B,A,16,16,16,16,Pixel,Hardware,Void,Void,Void,Void
DXGI_FORMAT_R16G16B16A16_SNORM,13,DXGI_FORMAT_R16G16B16A16_TYPELESS,DXGI_FORMAT_UNKNOWN,DXGI_FORMAT_R16G16B16A16_SNORM,SNorm,FALSE,R,G,B,A,16,16,16,16,Pixel,Hardware,Void,Void,Void,Void
DXGI_FORMAT_R16G16B16A16_SINT,14,DXGI_FORMAT_R16G16B16A16_TYPELESS,DXGI_FORMAT_UNKNOWN,DXGI_FORMAT_R16G16B16A16_SINT,SInt,FALSE,R,G,B,A,16,16,16,16,Pixel,Hardware,Void,Void,Void,Void
DXGI_FORMAT_R32G32_TYPELESS,15,DXGI_FORMAT_R32G32_TYPELESS,DXGI_FORMAT_UNKNOWN,DXGI_FORMAT_UNKNOWN,Typeless,FALSE,R,G,N,N,32,32,0,0,Pixel,Hardware,Void,Void,Void,Void
DXGI_FORMAT_R32G32_FLOAT,16,DXGI_FORMAT_R32G32_TYPELESS,DXGI_FORMAT_UNKNOWN,DXGI_FORMAT_R32G32_FLOAT,Float,FALSE,R,G,N,N,32,32,0,0,Pixel,Hardware,Void,Void,Void,Void
DXGI_FORMAT_R32G32_UINT,17,DXGI_FORMAT_R32G32_TYPELESS,DXGI_FORMAT_UNKNOWN,DXGI_FORMAT_R32G32_UINT,UInt,FALSE,R,G,N,N,32,32,0,0,Pixel,Hardware,Void,Void,Void,Void
DXGI_FORMAT_R32G32_SINT,18,DXGI_FORMAT_R32G32_TYPELESS,DXGI_FORMAT_UNKNOWN,DXGI_FORMAT_R32G32_SINT,SInt,FALSE,R,G,N,N,32,32,0,0,Pixel,Hardware,Void,Void,Void,Void
DXGI_FORMAT_R32G8X24_TYPELESS,19,DXGI_FORMAT_R32G8X24_TYPELESS,DXGI_FORMAT_UNKNOWN,DXGI_FORMAT_UNKNOWN,Typeless,FALSE,R,G,X,N,32,8,24,0,Pixel,Hardware,Void,Void,Void,Void
DXGI_FORMAT_D32_FLOAT_S8X24_UINT,20,DXGI_FORMAT_R32G8X24_TYPELESS,DXGI_FORMAT_UNKNOWN,DXGI_FORMAT_D32_FLOAT_S8X24_UINT,PerChannel,FALSE,D,S,X,N,32,8,24,0,Pixel,Hardware,Float,UInt,UInt,Void
DXGI_FORMAT_R32_FLOAT_X8X24_TYPELESS,21,DXGI_FORMAT_R32G8X24_TYPELESS,DXGI_FORMAT_UNKNOWN,DXGI_FORMAT_R32_FLOAT_X8X24_TYPELESS,PerChannel,FALSE,R,X,X,N,32,8,24,0,Pixel,Hardware,Float,Typeless,Typeless,Void
DXGI_FORMAT_X32_TYPELESS_G8X24_UINT,22,DXGI_FORMAT_R32G8X24_TYPELESS,DXGI_FORMAT_UNKNOWN,DXGI_FORMAT_X32_TYPELESS_G8X24_UINT,PerChannel,FALSE,X,G,X,N,32,8,24,0,Pixel,Hardware,Typeless,UInt,UInt,Void
DXGI_FORMAT_R10G10B10A2_TYPELESS,23,DXGI_FORMAT_R10G10B10A2_TYPELESS,DXGI_FORMAT_UNKNOWN,DXGI_FORMAT_UNKNOWN,Typeless,FALSE,R,G,B,A,10,10,10,2,Pixel,Hardware,Void,Void,Void,Void
DXGI_FORMAT_R10G10B10A2_UNORM,24,DXGI_FORMAT_R10G10B10A2_TYPELESS,DXGI_FORMAT_UNKNOWN,DXGI_FORMAT_R10G10B10A2_UNORM,UNorm,FALSE,R,G,B,A,10,10,10,2,Pixel,Hardware,Void,Void,Void,Void
DXGI_FORMAT_R10G10B10A2_UINT,25,DXGI_FORMAT_R10G10B10A2_TYPELESS,DXGI_FORMAT_UNKNOWN,DXGI_FORMAT_R10G10B10A2_UINT,UInt,FALSE,R,G,B,A,10,10,10,2,Pixel,Hardware,Void,Void,Void,Void
DXGI_FORMAT_R11G11B10_FLOAT,26,DXGI_FORMAT_R10G10B10A2_TYPELESS,DXGI_FORMAT_UNKNOWN,DXGI_FORMAT_R11G11B10_FLOAT,Float,FALSE,R,G,B,N,11,11,10,0,Pixel,Hardware,Void,Void,Void,Void
DXGI_FORMAT_R8G8B8A8_TYPELESS,27,DXGI_FORMAT_R8G8B8A8_TYPELESS,DXGI_FORMAT_UNKNOWN,DXGI_FORMAT_UNKNOWN,Typeless,FALSE,R,G,B,A,8,8,8,8,Pixel,Hardware,Void,Void,Void,Void
DXGI_FORMAT_R8G8B8A8_UNORM,28,DXGI_FORMAT_R8G8B8A8_TYPELESS,DXGI_FORMAT_R8G8B8A8_UNORM_SRGB,DXGI_FORMAT_R8G8B8A8_UNORM,UNorm,FALSE,R,G,B,A,8,8,8,8,Pixel,Hardware,Void,Void,Void,Void
DXGI_FORMAT_R8G8B8A8_UNORM_SRGB,29,DXGI_FORMAT_R8G8B8A8_TYPELESS,DXGI_FORMAT_R8G8B8A8_UNORM_SRGB,DXGI_FORMAT_R8G8B8A8_UNORM,UNorm,TRUE,R,G,B,A,8,8,8,8,Pixel,Hardware,Void,Void,Void,Void
DXGI_FORMAT_R8G8B8A8_UINT,30,DXGI_FORMAT_R8G8B8A8_TYPELESS,DXGI_FORMAT_UNKNOWN,DXGI_FORMAT_R8G8B8A8_UINT,UInt,FALSE,R,G,B,A,8,8,8,8,Pixel,Hardware,Void,Void,Void,Void
DXGI_FORMAT_R8G8B8A8_SNORM,31,DXGI_FORMAT_R8G8B8A8_TYPELESS,DXGI_FORMAT_UNKNOWN,DXGI_FORMAT_R8G8B8A8_SNORM,SNorm,FALSE,R,G,B,A,8,8,8,8,Pixel,Hardware,Void,Void,Void,Void
DXGI_FORMAT_R8G8B8A8_SINT,32,DXGI_FORMAT_R8G8B8A8_TYPELESS,DXGI_FORMAT_UNKNOWN,DXGI_FORMAT_R8G8B8A8_SINT,SInt,FALSE,R,G,B,A,8,8,8,8,Pixel,Hardware,Void,Void,Void,Void
DXGI_FORMAT_R16G16_TYPELESS,33,DXGI_FORMAT_R16G16_TYPELESS,DXGI_FORMAT_UNKNOWN,DXGI_FORMAT_UNKNOWN,Typeless,FALSE,R,G,N,N,16,16,0,0,Pixel,Hardware,Void,Void,Void,Void
DXGI_FORMAT_R16G16_FLOAT,34,DXGI_FORMAT_R16G16_TYPELESS,DXGI_FORMAT_UNKNOWN,DXGI_FORMAT_R16G16_FLOAT,Float,FALSE,R,G,N,N,16,16,0,0,Pixel,Hardware,Void,Void,Void,Void
DXGI_FORMAT_R16G16_UNORM,35,DXGI_FORMAT_R16G16_TYPELESS,DXGI_FORMAT_UNKNOWN,DXGI_FORMAT_R16G16_UNORM,UNorm,FALSE,R,G,N,N,16,16,0,0,Pixel,Hardware,Void,Void,Void,Void
DXGI_FORMAT_R16G16_UINT,36,DXGI_FORMAT_R16G16_TYPELESS,DXGI_FORMAT_UNKNOWN,DXGI_FORMAT_R16G16_UINT,UInt,FALSE,R,G,N,N,16,16,0,0,Pixel,Hardware,Void,Void,Void,Void
DXGI_FORMAT_R16G16_SNORM,37,DXGI_FORMAT_R16G16_TYPELESS,DXGI_FORMAT_UNKNOWN,DXGI_FORMAT_R16G16_SNORM,SNorm,FALSE,R,G,N,N,16,16,0,0,Pixel,Hardware,Void,Void,Void,Void
DXGI_FORMAT_R16G16_SINT,38,DXGI_FORMAT_R16G16_TYPELESS,DXGI_FORMAT_UNKNOWN,DXGI_FORMAT_R16G16_SINT,SInt,FALSE,R,G,N,N,16,16,0,0,Pixel,Hardware,Void,Void,Void,Void
DXGI_FORMAT_R32_TYPELESS,39,DXGI_FORMAT_R32_TYPELESS,DXGI_FORMAT_UNKNOWN,DXGI_FORMAT_UNKNOWN,Typeless,FALSE,R,N,N,N,32,0,0,0,Pixel,Hardware,Void,Void,Void,Void
DXGI_FORMAT_D32_FLOAT,40,DXGI_FORMAT_R32_TYPELESS,DXGI_FORMAT_UNKNOWN,DXGI_FORMAT_D32_FLOAT,Float,FALSE,D,N,N,N,32,0,0,0,Pixel,Hardware,Void,Void,Void,Void
DXGI_FORMAT_R32_FLOAT,41,DXGI_FORMAT_R32_TYPELESS,DXGI_FORMAT_UNKNOWN,DXGI_FORMAT_R32_FLOAT,Float,FALSE,R,N,N,N,32,0,0,0,Pixel,Hardware,Void,Void,Void,Void
DXGI_FORMAT_R32_UINT,42,DXGI_FORMAT_R32_TYPELESS,DXGI_FORMAT_UNKNOWN,DXGI_FORMAT_R32_UINT,UInt,FALSE,R,N,N,N,32,0,0,0,Pixel,Hardware,Void,Void,Void,Void
DXGI_FORMAT_R32_SINT,43,DXGI_FORMAT_R32_TYPELESS,DXGI_FORMAT_UNKNOWN,DXGI_FORMAT_R32_SINT,SInt,FALSE,R,N,N,N,32,0,0,0,Pixel,Hardware,Void,Void,Void,Void
DXGI_FORMAT_R24G8_TYPELESS,44,DXGI_FORMAT_R24G8_TYPELESS,DXGI_FORMAT_UNKNOWN,DXGI_FORMAT_UNKNOWN,Typeless,FALSE,R,G,N,N,24,8,0,0,Pixel,Hardware,Void,Void,Void,Void
DXGI_FORMAT_D24_UNORM_S8_UINT,45,DXGI_FORMAT_R24G8_TYPELESS,DXGI_FORMAT_UNKNOWN,DXGI_FORMAT_D24_UNORM_S8_UINT,PerChannel,FALSE,D,S,N,N,24,8,0,0,Pixel,Hardware,UNorm,UInt,Void,Void
DXGI_FORMAT_R24_UNORM_X8_TYPELESS,46,DXGI_FORMAT_R24G8_TYPELESS,DXGI_FORMAT_UNKNOWN,DXGI_FORMAT_R24_UNORM_X8_TYPELESS,PerChannel,FALSE,R,X,N,N,24,8,0,0,Pixel,Hardware,UNorm,Typeless,Void,Void
DXGI_FORMAT_X24_TYPELESS_G8_UINT,47,DXGI_FORMAT_R24G8_TYPELESS,DXGI_FORMAT_UNKNOWN,DXGI_FORMAT_X24_TYPELESS_G8_UINT,PerChannel,FALSE,X,G,N,N,24,8,0,0,Pixel,Hardware,Typeless,UInt,Void,Void
DXGI_FORMAT_R8G8_TYPELESS,48,DXGI_FORMAT_R8G8_TYPELESS,DXGI_FORMAT_UNKNOWN,DXGI_FORMAT_UNKNOWN,Typeless,FALSE,R,G,N,N,8,8,0,0,Pixel,Hardware,Void,Void,Void,Void
DXGI_FORMAT_R8G8_UNORM,49,DXGI_FORMAT_R8G8_TYPELESS,DXGI_FORMAT_UNKNOWN,DXGI_FORMAT_R8G8_UNORM,UNorm,FALSE,R,G,N,N,8,8,0,0,Pixel,Hardware,Void,Void,Void,Void
DXGI_FORMAT_R8G8_UINT,50,DXGI_FORMAT_R8G8_TYPELESS,DXGI_FORMAT_UNKNOWN,DXGI_FORMAT_R8G8_UINT,UInt,FALSE,R,G,N,N,8,8,0,0,Pixel,Hardware,Void,Void,Void,Void
DXGI_FORMAT_R8G8_SNORM,51,DXGI_FORMAT_R8G8_TYPELESS,DXGI_FORMAT_UNKNOWN,DXGI_FORMAT_R8G8_SNORM,SNorm,FALSE,R,G,N,N,8,8,0,0,Pixel,Hardware,Void,Void,Void,Void
DXGI_FORMAT_R8G8_SINT,52,DXGI_FORMAT_R8G8_TYPELESS,DXGI_FORMAT_UNKNOWN,DXGI_FORMAT_R8G8_SINT,SInt,FALSE,R,G,N,N,8,8,0,0,Pixel,Hardware,Void,Void,Void,Void
DXGI_FORMAT_R16_TYPELESS,53,DXGI_FORMAT_R16_TYPELESS,DXGI_FORMAT_UNKNOWN,DXGI_FORMAT_UNKNOWN,Typeless,FALSE,R,N,N,N,16,0,0,0,Pixel,Hardware,Void,Void,Void,Void
DXGI_FORMAT_R16_FLOAT,54,DXGI_FORMAT_R16_TYPELESS,DXGI_FORMAT_UNKNOWN,DXGI_FORMAT_R16_FLOAT,Float,FALSE,R,N,N,N,16,0,0,0,Pixel,Hardware,Void,Void,Void,Void
DXGI_FORMAT_D16_UNORM,55,DXGI_FORMAT_R16_TYPELESS,DXGI_FORMAT_UNKNOWN,DXGI_FORMAT_D16_UNORM,UNorm,FALSE,R,N,N,N,16,0,0,0,Pixel,Hardware,Void,Void,Void,Void
DXGI_FORMAT_R16_UNORM,56,DXGI_FORMAT_R16_TYPELESS,DXGI_FORMAT_UNKNOWN,DXGI_FORMAT_R16_UNORM,UNorm,FALSE,R,N,N,N,16,0,0,0,Pixel,Hardware,Void,Void,Void,Void
DXGI_FORMAT_R16_UINT,57,DXGI_FORMAT_R16_TYPELESS,DXGI_FORMAT_UNKNOWN,DXGI_FORMAT_R16_UINT,UInt,FALSE,R,N,N,N,16,0,0,0,Pixel,Hardware,Void,Void,Void,Void
DXGI_FORMAT_R16_SNORM,58,DXGI_FORMAT_R16_TYPELESS,DXGI_FORMAT_UNKNOWN,DXGI_FORMAT_R16_SNORM,SNorm,FALSE,R,N,N,N,16,0,0,0,Pixel,Hardware,Void,Void,Void,Void
DXGI_FORMAT_R16_SINT,59,DXGI_FORMAT_R16_TYPELESS,DXGI_FORMAT_UNKNOWN,DXGI_FORMAT_R16_SINT,SInt,FALSE,R,N,N,N,16,0,0,0,Pixel,Hardware,Void,Void,Void,Void
DXGI_FORMAT_R8_TYPELESS,60,DXGI_FORMAT_R8_TYPELESS,DXGI_FORMAT_UNKNOWN,DXGI_FORMAT_UNKNOWN,Typeless,FALSE,R,N,N,N,8,0,0,0,Pixel,Hardware,Void,Void,Void,Void
DXGI_FORMAT_R8_UNORM,61,DXGI_FORMAT_R8_TYPELESS,DXGI_FORMAT_UNKNOWN,DXGI_FORMAT_R8_UNORM,UNorm,FALSE,R,N,N,N,8,0,0,0,Pixel,Hardware,Void,Void,Void,Void
DXGI_FORMAT_R8_UINT,62,DXGI_FORMAT_R8_TYPELESS,DXGI_FORMAT_UNKNOWN,DXGI_FORMAT_R8_UINT,UInt,FALSE,R,N,N,N,8,0,0,0,Pixel,Hardware,Void,Void,Void,Void
DXGI_FORMAT_R8_SNORM,63,DXGI_FORMAT_R8_TYPELESS,DXGI_FORMAT_UNKNOWN,DXGI_FORMAT_R8_SNORM,SNorm,FALSE,R,N,N,N,8,0,0,0,Pixel,Hardware,Void,Void,Void,Void
DXGI_FORMAT_R8_SINT,64,DXGI_FORMAT_R8_TYPELESS,DXGI_FORMAT_UNKNOWN,DXGI_FORMAT_R8_SINT,SInt,FALSE,R,N,N,N,8,0,0,0,Pixel,Hardware,Void,Void,Void,Void
DXGI_FORMAT_A8_UNORM,65,DXGI_FORMAT_R8_TYPELESS,DXGI_FORMAT_UNKNOWN,DXGI_FORMAT_A8_UNORM,UNorm,FALSE,N,N,N,A,0,0,0,8,Pixel,Hardware,Void,Void,Void,Void
DXGI_FORMAT_R1_UNORM,66,DXGI_FORMAT_UNKNOWN,DXGI_FORMAT_UNKNOWN,DXGI_FORMAT_R1_UNORM,UNorm,FALSE,R,N,N,N,1,0,0,0,Pixel,Hardware,Void,Void,Void,Void
DXGI_FORMAT_R9G9B9E5_SHAREDEXP,67,DXGI_FORMAT_UNKNOWN,DXGI_FORMAT_UNKNOWN,DXGI_FORMAT_R9G9B9E5_SHAREDEXP,SharedExp,FALSE,R,G,B,E,9,9,9,5,Pixel,Hardware,Void,Void,Void,Void
DXGI_FORMAT_R8G8_B8G8_UNORM,68,DXGI_FORMAT_UNKNOWN,DXGI_FORMAT_UNKNOWN,DXGI_FORMAT_R8G8_B8G8_UNORM,UNorm,FALSE,R,G,B,G2,8,8,8,8,PixelPair,Hardware,Void,Void,Void,Void
DXGI_FORMAT_G8R8_G8B8_UNORM,69,DXGI_FORMAT_UNKNOWN,DXGI_FORMAT_UNKNOWN,DXGI_FORMAT_G8R8_G8B8_UNORM,UNorm,FALSE,G,R,G2,B,8,8,8,8,PixelPair,Hardware,Void,Void,Void,Void
DXGI_FORMAT_BC1_TYPELESS,70,DXGI_FORMAT_BC1_TYPELESS,DXGI_FORMAT_UNKNOWN,DXGI_FORMAT_UNKNOWN,Typeless,FALSE,C4,N,N,N,64,0,0,0,Block,Hardware,Void,Void,Void,Void
DXGI_FORMAT_BC1_UNORM,71,DXGI_FORMAT_BC1_TYPELESS,DXGI_FORMAT_BC1_UNORM_SRGB,DXGI_FORMAT_BC1_UNORM,UNorm,FALSE,C4,N,N,N,64,0,0,0,Block,Hardware,Void,Void,Void,Void
DXGI_FORMAT_BC1_UNORM_SRGB,72,DXGI_FORMAT_BC1_TYPELESS,DXGI_FORMAT_BC1_UNORM_SRGB,DXGI_FORMAT_BC1_UNORM,UNorm,TRUE,C4,N,N,N,64,0,0,0,Block,Hardware,Void,Void,Void,Void
DXGI_FORMAT_BC2_TYPELESS,73,DXGI_FORMAT_BC2_TYPELESS,DXGI_FORMAT_UNKNOWN,DXGI_FORMAT_UNKNOWN,Typeless,FALSE,C4,N,N,N,128,0,0,0,Block,Hardware,Void,Void,Void,Void
DXGI_FORMAT_BC2_UNORM,74,DXGI_FORMAT_BC2_TYPELESS,DXGI_FORMAT_BC2_UNORM_SRGB,DXGI_FORMAT_BC2_UNORM,UNorm,FALSE,C4,N,N,N,128,0,0,0,Block,Hardware,Void,Void,Void,Void
DXGI_FORMAT_BC2_UNORM_SRGB,75,DXGI_FORMAT_BC2_TYPELESS,DXGI_FORMAT_BC2_UNORM_SRGB,DXGI_FORMAT_BC2_UNORM,UNorm,TRUE,C4,N,N,N,128,0,0,0,Block,Hardware,Void,Void,Void,Void
DXGI_FORMAT_BC3_TYPELESS,76,DXGI_FORMAT_BC3_TYPELESS,DXGI_FORMAT_UNKNOWN,DXGI_FORMAT_UNKNOWN,Typeless,FALSE,C4,N,N,N,128,0,0,0,Block,Hardware,Void,Void,Void,Void
DXGI_FORMAT_BC3_UNORM,77,DXGI_FORMAT_BC3_TYPELESS,DXGI_FORMAT_BC3_UNORM_SRGB,DXGI_FORMAT_BC3_UNORM,UNorm,FALSE,C4,N,N,N,128,0,0,0,Block,Hardware,Void,Void,Void,Void
DXGI_FORMAT_BC3_UNORM_SRGB,78,DXGI_FORMAT_BC3_TYPELESS,DXGI_FORMAT_BC3_UNORM_SRGB,DXGI_FORMAT_BC3_UNORM,UNorm,TRUE,C4,N,N,N,128,0,0,0,Block,Hardware,Void,Void,Void,Void
DXGI_FORMAT_BC4_TYPELESS,79,DXGI_FORMAT_BC4_TYPELESS,DXGI_FORMAT_UNKNOWN,DXGI_FORMAT_UNKNOWN,Typeless,FALSE,C1,N,N,N,64,0,0,0,Block,Hardware,Void,Void,Void,Void
DXGI_FORMAT_BC4_UNORM,80,DXGI_FORMAT_BC4_TYPELESS,DXGI_FORMAT_UNKNOWN,DXGI_FORMAT_BC4_UNORM,UNorm,FALSE,C1,N,N,N,64,0,0,0,Block,Hardware,Void,Void,Void,Void
DXGI_FORMAT_BC4_SNORM,81,DXGI_FORMAT_BC4_TYPELESS,DXGI_FORMAT_UNKNOWN,DXGI_FORMAT_BC4_SNORM,SNorm,FALSE,C1,N,N,N,64,0,0,0,Block,Hardware,Void,Void,Void,Void
DXGI_FORMAT_BC5_TYPELESS,82,DXGI_FORMAT_BC5_TYPELESS,DXGI_FORMAT_UNKNOWN,DXGI_FORMAT_UNKNOWN,Typeless,FALSE,C2,N,N,N,128,0,0,0,Block,Hardware,Void,Void,Void,Void
DXGI_FORMAT_BC5_UNORM,83,DXGI_FORMAT_BC5_TYPELESS,DXGI_FORMAT_UNKNOWN,DXGI_FORMAT_BC5_UNORM,UNorm,FALSE,C2,N,N,N,128,0,0,0,Block,Hardware,Void,Void,Void,Void
DXGI_FORMAT_BC5_SNORM,84,DXGI_FORMAT_BC5_TYPELESS,DXGI_FORMAT_UNKNOWN,DXGI_FORMAT_BC5_SNORM,SNorm,FALSE,C2,N,N,N,128,0,0,0,Block,Hardware,Void,Void,Void,Void
DXGI_FORMAT_B5G6R5_UNORM,85,DXGI_FORMAT_UNKNOWN,DXGI_FORMAT_UNKNOWN,DXGI_FORMAT_B5G6R5_UNORM,UNorm,FALSE,B,G,R,N,5,6,5,0,Pixel,Transcode,Void,Void,Void,Void
DXGI_FORMAT_B5G5R5A1_UNORM,86,DXGI_FORMAT_UNKNOWN,DXGI_FORMAT_UNKNOWN,DXGI_FORMAT_B5G5R5A1_UNORM,UNorm,FALSE,B,G,R,A,5,5,5,1,Pixel,Transcode,Void,Void,Void,Void
DXGI_FORMAT_B8G8R8A8_UNORM,87,DXGI_FORMAT_B8G8R8A8_TYPELESS,DXGI_FORMAT_B8G8R8A8_UNORM_SRGB,DXGI_FORMAT_B8G8R8A8_UNORM,UNorm,FALSE,B,G,R,A,8,8,8,8,Pixel,Hardware,Void,Void,Void,Void
DXGI_FORMAT_B8G8R8X8_UNORM,88,DXGI_FORMAT_B8G8R8A8_TYPELESS,DXGI_FORMAT_B8G8R8X8_UNORM_SRGB,DXGI_FORMAT_B8G8R8X8_UNORM,UNorm,FALSE,B,G,R,X,8,8,8,8,Pixel,Hardware,Void,Void,Void,Void
DXGI_FORMAT_R10G10B10_XR_BIAS_A2_UNORM,89,DXGI_FORMAT_UNKNOWN,DXGI_FORMAT_UNKNOWN,DXGI_FORMAT_R10G10B10_XR_BIAS_A2_UNORM,XRBias,FALSE,R,G,B,A,10,10,10,2,Pixel,Hardware,Void,Void,Void,Void
DXGI_FORMAT_B8G8R8A8_TYPELESS,90,DXGI_FORMAT_B8G8R8A8_TYPELESS,DXGI_FORMAT_UNKNOWN,DXGI_FORMAT_UNKNOWN,Typeless,FALSE,B,G,R,A,8,8,8,8,Pixel,Hardware,Void,Void,Void,Void
DXGI_FORMAT_B8G8R8A8_UNORM_SRGB,91,DXGI_FORMAT_B8G8R8A8_TYPELESS,DXGI_FORMAT_B8G8R8A8_UNORM_SRGB,DXGI_FORMAT_B8G8R8A8_UNORM,UNorm,TRUE,B,G,R,A,8,8,8,8,Pixel,Hardware,Void,Void,Void,Void
DXGI_FORMAT_B8G8R8X8_TYPELESS,92,DXGI_FORMAT_B8G8R8A8_TYPELESS,DXGI_FORMAT_UNKNOWN,DXGI_FORMAT_UNKNOWN,Typeless,FALSE,B,G,R,X,8,8,8,8,Pixel,Hardware,Void,Void,Void,Void
DXGI_FORMAT_B8G8R8X8_UNORM_SRGB,93,DXGI_FORMAT_B8G8R8A8_TYPELESS,DXGI_FORMAT_B8G8R8X8_UNORM_SRGB,DXGI_FORMAT_B8G8R8X8_UNORM,UNorm,TRUE,B,G,R,X,8,8,8,8,Pixel,Hardware,Void,Void,Void,Void
DXGI_FORMAT_BC6H_TYPELESS,94,DXGI_FORMAT_BC6H_TYPELESS,DXGI_FORMAT_UNKNOWN,DXGI_FORMAT_UNKNOWN,Typeless,FALSE,C3,N,N,N,128,0,0,0,Block,Hardware,Void,Void,Void,Void
DXGI_FORMAT_BC6H_UF16,95,DXGI_FORMAT_BC6H_TYPELESS,DXGI_FORMAT_UNKNOWN,DXGI_FORMAT_BC6H_UF16,Float,FALSE,C3,N,N,N,128,0,0,0,Block,Hardware,Void,Void,Void,Void
DXGI_FORMAT_BC6H_SF16,96,DXGI_FORMAT_BC6H_TYPELESS,DXGI_FORMAT_UNKNOWN,DXGI_FORMAT_BC6H_SF16,Float,FALSE,C3,N,N,N,128,0,0,0,Block,Hardware,Void,Void,Void,Void
DXGI_FORMAT_BC7_TYPELESS,97,DXGI_FORMAT_BC7_TYPELESS,DXGI_FORMAT_UNKNOWN,DXGI_FORMAT_UNKNOWN,Typeless,FALSE,C4,N,N,N,128,0,0,0,Block,Hardware,Void,Void,Void,Void
DXGI_FORMAT_BC7_UNORM,98,DXGI_FORMAT_BC7_TYPELESS,DXGI_FORMAT_BC7_UNORM_SRGB,DXGI_FORMAT_BC7_UNORM,UNorm,FALSE,C4,N,N,N,128,0,0,0,Block,Hardware,Void,Void,Void,Void
DXGI_FORMAT_BC7_UNORM_SRGB,99,DXGI_FORMAT_BC7_TYPELESS,DXGI_FORMAT_BC7_UNORM_SRGB,DXGI_FORMAT_BC7_UNORM,UNorm,TRUE,C4,N,N,N,128,0,0,0,Block,Hardware,Void,Void,Void,Void
DXGI_FORMAT_AYUV,100,DXGI_FORMAT_UNKNOWN,DXGI_FORMAT_UNKNOWN,DXGI_FORMAT_UNKNOWN,Void,FALSE,N,N,N,N,0,0,0,0,Pixel,None,Void,Void,Void,Void
DXGI_FORMAT_Y410,101,DXGI_FORMAT_UNKNOWN,DXGI_FORMAT_UNKNOWN,DXGI_FORMAT_UNKNOWN,Void,FALSE,N,N,N,N,0,0,0,0,Pixel,None,Void,Void,Void,Void
DXGI_FORMAT_Y416,102,DXGI_FORMAT_UNKNOWN,DXGI_FORMAT_UNKNOWN,DXGI_FORMAT_UNKNOWN,Void,FALSE,N,N,N,N,0,0,0,0,Pixel,None,Void,Void,Void,Void
DXGI_FORMAT_NV12,103,DXGI_FORMAT_UNKNOWN,DXGI_FORMAT_UNKNOWN,DXGI_FORMAT_UNKNOWN,Void,FALSE,N,N,N,N,0,0,0,0,Pixel,None,Void,Void,Void,Void
DXGI_FORMAT_P010,104,DXGI_FORMAT_UNKNOWN,DXGI_FORMAT_UNKNOWN,DXGI_FORMAT_UNKNOWN,Void,FALSE,N,N,N,N,0,0,0,0,Pixel,None,Void,Void,Void,Void
DXGI_FORMAT_P016,105,DXGI_FORMAT_UNKNOWN,DXGI_FORMAT_UNKNOWN,DXGI_FORMAT_UNKNOWN,Void,FALSE,N,N,N,N,0,0,0,0,Pixel,None,Void,Void,Void,Void
DXGI_FORMAT_420_OPAQUE,106,DXGI_FORMAT_UNKNOWN,DXGI_FORMAT_UNKNOWN,DXGI_FORMAT_UNKNOWN,Void,FALSE,N,N,N,N,0,0,0,0,Pixel,None,Void,Void,Void,Void
DXGI_FORMAT_YUY2,107,DXGI_FORMAT_UNKNOWN,DXGI_FORMAT_UNKNOWN,DXGI_FORMAT_UNKNOWN,Void,FALSE,N,N,N,N,0,0,0,0,Pixel,None,Void,Void,Void,Void
DXGI_FORMAT_Y210,108,DXGI_FORMAT_UNKNOWN,DXGI_FORMAT_UNKNOWN,DXGI_FORMAT_UNKNOWN,Void,FALSE,N,N,N,N,0,0,0,0,Pixel,None,Void,Void,Void,Void
DXGI_FORMAT_Y216,109,DXGI_FORMAT_UNKNOWN,DXGI_FORMAT_UNKNOWN,DXGI_FORMAT_UNKNOWN,Void,FALSE,N,N,N,N,0,0,0,0,Pixel,None,Void,Void,Void,Void
DXGI_FORMAT_NV11,110,DXGI_FORMAT_UNKNOWN,DXGI_FORMAT_UNKNOWN,DXGI_FORMAT_UNKNOWN,Void,FALSE,N,N,N,N,0,0,0,0,Pixel,None,Void,Void,Void,Void
DXGI_FORMAT_AI44,111,DXGI_FORMAT_UNKNOWN,DXGI_FORMAT_UNKNOWN,DXGI_FORMAT_UNKNOWN,Void,FALSE,N,N,N,N,0,0,0,0,Pixel,None,Void,Void,Void,Void
DXGI_FORMAT_IA44,112,DXGI_FORMAT_UNKNOWN,DXGI_FORMAT_UNKNOWN,DXGI_FORMAT_UNKNOWN,Void,FALSE,N,N,N,N,0,0,0,0,Pixel,None,Void,Void,Void,Void
DXGI_FORMAT_P8,113,DXGI_FORMAT_UNKNOWN,DXGI_FORMAT_UNKNOWN,DXGI_FORMAT_UNKNOWN,Void,FALSE,N,N,N,N,0,0,0,0,Pixel,None,Void,Void,Void,Void
DXGI_FORMAT_A8P8,114,DXGI_FORMAT_UNKNOWN,DXGI_FORMAT_UNKNOWN,DXGI_FORMAT_UNKNOWN,Void,FALSE,N,N,N,N,0,0,0,0,Pixel,None,Void,Void,Void,Void
DXGI_FORMAT_B4G4R4A4_UNORM,115,DXGI_FORMAT_UNKNOWN,DXGI_FORMAT_UNKNOWN,DXGI_FORMAT_B4G4R4A4_UNORM,UNorm,FALSE,B,G,R,A,4,4,4,4,Pixel,Transcode,Void,Void,Void,Void
DXGI_FORMAT_P208,130,DXGI_FORMAT_UNKNOWN,DXGI_FORMAT_UNKNOWN,DXGI_FORMAT_UNKNOWN,Void,FALSE,N,N,N,N,0,0,0,0,Pixel,None,Void,Void,Void,Void
DXGI_FORMAT_V208,131,DXGI_FORMAT_UNKNOWN,DXGI_FORMAT_UNKNOWN,DXGI_FORMAT_UNKNOWN,Void,FALSE,N,N,N,N,0,0,0,0,Pixel,None,Void,Void,Void,Void
DXGI_FORMAT_V408,132,DXGI_FORMAT_UNKNOWN,DXGI_FORMAT_UNKNOWN,DXGI_FORMAT_UNKNOWN,Void,FALSE,N,N,N,N,0,0,0,0,Pixel,None,Void,Void,Void,Void